<?xml version="1.0" encoding="utf-8"?>
<!--/1021408/1200748/2.50/2/2/Diode ESD (Uni-directional)/-->
<quadcept_library>
  <setting unit="mil" />
  <textstyle name="Default" height="47.244094488189" strokewidth="7.8740157480315" charwidth="47.244094488189" />
  <textstyle name="Dimension" height="19.6850393700787" strokewidth="0" charwidth="19.6850393700787" />
  <textstyle name="H127W0635TH00762" height="50" strokewidth="3" charwidth="25" />
  <textstyle name="H15W15TH02" height="59.0551181102362" strokewidth="7.8740157480315" charwidth="59.0551181102362" />
  <padstyle name="r70_40" surface="True" plated="False" isvia="False" nopaste="False" nomask="True" complex="False" holesize="0">
    <padshape layer="TOP" shape="rectangle" width="15.748031496063" height="27.55905511811" />
    <padshape layer="TOP_SOLDER_MASK" shape="rectangle" width="23.622047244094" height="35.433070866141" />
    <padshape layer="TOP_SOLDER_PASTE" shape="rectangle" width="15.748031496063" height="27.55905511811" />
  </padstyle>
  <footprint name="PESD5V0S1BL315" originx="0" originy="0" pickpointx="0" pickpointy="0">
    <pcbpin number="1" name="1" style="r70_40" originx="-13.779527559055" originy="0" rotation="0" />
    <pcbpin number="2" name="2" style="r70_40" originx="13.779527559055" originy="0" rotation="0" />
    <line layer="TOP_ASSEMBLY" originx="-19.685039370078" originy="11.811023622047" endx="19.685039370078" endy="11.811023622047" width="7.8740157480314" />
    <line layer="TOP_ASSEMBLY" originx="19.685039370078" originy="11.811023622047" endx="19.685039370078" endy="-11.811023622047" width="7.8740157480314" />
    <line layer="TOP_ASSEMBLY" originx="19.685039370078" originy="-11.811023622047" endx="-19.685039370078" endy="-11.811023622047" width="7.8740157480314" />
    <line layer="TOP_ASSEMBLY" originx="-19.685039370078" originy="-11.811023622047" endx="-19.685039370078" endy="11.811023622047" width="7.8740157480314" />
    <line layer="TOP_PLACE_BOUND" originx="-41.338582677165" originy="33.464566929133" endx="41.338582677165" endy="33.464566929133" width="3.9370078740157" />
    <line layer="TOP_PLACE_BOUND" originx="41.338582677165" originy="33.464566929133" endx="41.338582677165" endy="-33.464566929133" width="3.9370078740157" />
    <line layer="TOP_PLACE_BOUND" originx="41.338582677165" originy="-33.464566929133" endx="-41.338582677165" endy="-33.464566929133" width="3.9370078740157" />
    <line layer="TOP_PLACE_BOUND" originx="-41.338582677165" originy="-33.464566929133" endx="-41.338582677165" endy="33.464566929133" width="3.9370078740157" />
    <line layer="TOP_SILKSCREEN" originx="-31.496062992126" originy="3.9370078740157" endx="-31.496062992126" endy="3.9370078740157" width="3.9370078740157" />
    <arc layer="TOP_SILKSCREEN" originx="-31.496062992126" originy="1.9685039370079" startangle="90.0" sweepangle="-180.0" radius="1.9685039370079" width="3.9370078740157" />
    <line layer="TOP_SILKSCREEN" originx="-31.496062992126" originy="0" endx="-31.496062992126" endy="0" width="3.9370078740157" />
    <arc layer="TOP_SILKSCREEN" originx="-31.496062992126" originy="1.9685039370079" startangle="-90.0" sweepangle="-180.0" radius="1.9685039370079" width="3.9370078740157" />
  </footprint>
  <symbol name="PESD3V3S1UL,315" originx="0" originy="0">
    <line originx="200" originy="0" endx="400" endy="100" width="0" />
    <line originx="400" originy="-100" endx="400" endy="100" width="0" />
    <line originx="400" originy="-100" endx="200" endy="0" width="0" />
    <line originx="200" originy="100" endx="200" endy="-100" width="0" />
    <line originx="100" originy="0" endx="200" endy="0" width="0" />
    <line originx="500" originy="0" endx="400" endy="0" width="0" />
    <line originx="200" originy="-100" endx="260" endy="-100" width="0" />
    <sympin number="1" originx="100" originy="0" rotation="180" length="100" width="7.8740157480315" flipped="False">
      <text name="pinname" originx="140" originy="10" style="Default" rotation="0" justify="left" flipped="False" hidden="True" data="K" />
      <text name="pindes" originx="60" originy="10" style="Default" rotation="0" justify="lowerright" flipped="False" hidden="False" data="1" />
    </sympin>
    <sympin number="2" originx="500" originy="0" rotation="0" length="100" width="7.8740157480315" flipped="False">
      <text name="pinname" originx="460" originy="10" style="Default" rotation="0" justify="right" flipped="False" hidden="True" data="A" />
      <text name="pindes" originx="540" originy="10" style="Default" rotation="0" justify="lowerleft" flipped="False" hidden="False" data="2" />
    </sympin>
  </symbol>
  <component name="PESD3V3S1UL,315" designatorprefix="D" height="0" footprint="PESD5V0S1BL315">
    <comppin designator="1" sympin="1" pinswap="0" gateswap="0" gate="1" group="1" side="" type="Any" name="K" />
    <comppin designator="2" sympin="2" pinswap="0" gateswap="0" gate="1" group="1" side="" type="Any" name="A" />
    <attached_symbol gate="1" name="PESD3V3S1UL,315" />
    <pinmap designator="1" footprintpin="1" />
    <pinmap designator="2" footprintpin="2" />
    <text name="Datasheet" originx="0" originy="0" style="Default" rotation="0" justify="" flipped="False" hidden="True" data="https://assets.nexperia.com/documents/data-sheet/PESD3V3S1UL.pdf" />
    <text name="Description" originx="0" originy="0" style="Default" rotation="0" justify="" flipped="False" hidden="True" data="Unidirectional ESD protection diode" />
    <text name="Manufacturer_Name" originx="0" originy="0" style="Default" rotation="0" justify="" flipped="False" hidden="True" data="Nexperia" />
    <text name="Manufacturer_Part_Number" originx="400" originy="250" style="Default" rotation="0" justify="left" flipped="False" hidden="False" data="PESD3V3S1UL,315" />
    <text name="Mouser Part Number" originx="0" originy="0" style="Default" rotation="0" justify="" flipped="False" hidden="True" data="771-PESD3V3S1UL315" />
    <text name="Mouser Price/Stock" originx="0" originy="0" style="Default" rotation="0" justify="" flipped="False" hidden="True" data="https://www.mouser.co.uk/ProductDetail/Nexperia/PESD3V3S1UL315?qs=LOCUfHb8d9vQ9koc%252Bm8kRA%3D%3D" />
    <text name="Arrow Part Number" originx="0" originy="0" style="Default" rotation="0" justify="" flipped="False" hidden="True" data="PESD3V3S1UL,315" />
    <text name="Arrow Price/Stock" originx="0" originy="0" style="Default" rotation="0" justify="" flipped="False" hidden="True" data="https://www.arrow.com/en/products/pesd3v3s1ul315/nexperia?region=asia" />
  </component>
</quadcept_library>
